mutation,isoform,domain,presentation,category,residue,from,to,inheritance,mutation_type,year,species,families_affected,age_of_onset,reference,url
p.V12A,KIF5A,Motor,CMT2,"HSP,CMT2",12,V,A,,Missense,2019,Homo sapiens,1,Adult,"He J, Liu X, Tang L, Zhao C, He J, Fan D.",http://dx.doi.org/10.1136/jnnp-2019-320483
p.K29R,KIF5A,Motor,ALS,ALS,29,K,R,Not given,Missense,2019,Homo sapiens,1,Not given,"He J, Liu X, Tang L, Zhao C, He J, Fan D.",http://dx.doi.org/10.1136/jnnp-2019-320483
p.P46S,KIF5A,Motor,ALS,ALS,46,P,S,Not given,Missense,2019,Homo sapiens,1,Not given,"He J, Liu X, Tang L, Zhao C, He J, Fan D.",http://dx.doi.org/10.1136/jnnp-2019-320483
p.Y63C,KIF5A,Motor,SPG10,HSP,63,Y,C,AD,Missense,2009,Homo sapiens,1,Adult,"Goizet, Cyril, Amir Boukhris, Emeline Mundwiller, Chantal Tallaksen, Sylvie Forlani, Annick Toutain, Nathalie Carriere, et al. 2009. “Complicated Forms of Autosomal Dominant Hereditary Spastic Paraplegia Are Frequent in SPG10.” Human Mutation 30 (2): 376–85.",https://doi.org/10.1002/humu.20920
p.D73 (splice),KIF5A,Motor,SPG10,HSP,73,D,,AD,Splice site,2008,Homo sapiens,1,Adult,"Schüle, R., B. P. H. Kremer, J. Kassubek, M. Auer-Grumbach, V. Kostic, T. Klopstock, S. Klimpe, et al. 2008. “SPG10 Is a Rare Cause of Spastic Paraplegia in European Families.” Journal of Neurology, Neurosurgery, and Psychiatry 79 (5): 584–87.
",http://dx.doi.org/10.1136/jnnp.2007.137596
p.Q87E,KIF5A,Motor,SPG10,HSP,87,Q,E,AD,Missense,2018,Homo sapiens,1,Mixed,"Qiu Y, Zhong S, Cong L, Xin L, Gao X, Zhang J, and Hong D. 2018. ""A novel KIF5A gene variant causes spastic paraplegia and cerebellar ataxia."" Annals of Clinical and Translational Neurology 5 (11): 1415-1420",https://onlinelibrary.wiley.com/doi/full/10.1002/acn3.650
p.R162W,KIF5A,Motor,SPG10,HSP,162,R,W,AD,Missense,2015,Homo sapiens,1,Mixed,"Carosi, Laura, Temistocle Lo Giudice, Martina Di Lullo, Federica Lombardi, Carla Babalini, Fabrizio Gaudiello, Girolama Alessandra Marfia, Roberto Massa, Toshitaka Kawarai, and Antonio Orlacchio. 2015. “Hereditary Spastic Paraplegia: A Novel Mutation and Expansion of the Phenotype Variability in SPG10.” Journal of Neurology, Neurosurgery, and Psychiatry 86 (6): 702–4.",http://dx.doi.org/10.1136/jnnp-2014-308625
p.R162W,KIF5A,Motor,cHSP,HSP,162,R,W,AD,Missense,2016,Homo sapiens,1,Adult,"Kaji, Seiji, Toshitaka Kawarai, Ryosuke Miyamoto, Hiroyuki Nodera, Lucia Pedace, Antonio Orlacchio, Yuishin Izumi, Ryosuke Takahashi, and Ryuji Kaji. 2016. “Late-Onset Spastic Paraplegia Type 10 (SPG10) Family Presenting with Bulbar Symptoms and Fasciculations Mimicking Amyotrophic Lateral Sclerosis.” Journal of the Neurological Sciences 364 (May): 45–49.",http://dx.doi.org/10.1016/j.jns.2016.03.001
p.R162W,KIF5A,Motor,SPG10,HSP,162,R,W,,Missense,2019,Homo sapiens,1,Adult,"Elert-Dobkowska, Ewelina, Iwona Stepniak, Wioletta Krysa, Karolina Ziora-Jakutowicz, Maria Rakowicz, Anna Sobanska, Jacek Pilch, Dorota Antczak-Marach, Jacek Zaremba, and Anna Sulek. 2019. “Next-Generation Sequencing Study Reveals the Broader Variant Spectrum of Hereditary Spastic Paraplegia and Related Phenotypes.” Neurogenetics 20 (1): 27–38.",https://doi.org/10.1007/s10048-019-00565-6
p.R162P,KIF5A,Motor,SPG10,HSP,162,R,P,Not given,Missense,2020,Homo sapiens,1,Adult,"R. Oliveira, C. Maruta, R. Gil-Gouveia",https://doi.org/10.1016/j.neurol.2020.04.026
p.S189P,KIF5A,Motor,CMT2,CMT2,189,S,P,Unknown,Missense,2019,Homo sapiens,1,Adult,"He J, Liu X, Tang L, Zhao C, He J, Fan D.",http://dx.doi.org/10.1136/jnnp-2019-320483
p.A194P,KIF5A,Motor,SPG10,HSP,194,A,P,AD,Missense,2013,Homo sapiens,1,Adult,"Collongues, N., C. Depienne, N. Boehm, A. Echaniz-Laguna, B. Samama, A. Dürr, G. Stevanin, et al. 2013. “Novel SPG10 Mutation Associated with Dysautonomia, Spinal Cord Atrophy, and Skin Biopsy Abnormality.” European Journal of Neurology 20 (2): 398–401.",https://doi.org/10.1111/j.1468-1331.2012.03803.x
p.M198T,KIF5A,Motor,SPG10,HSP,198,M,T,AD,Missense,2009,Homo sapiens,1,Adult,"Goizet, Cyril, Amir Boukhris, Emeline Mundwiller, Chantal Tallaksen, Sylvie Forlani, Annick Toutain, Nathalie Carriere, et al. 2009. “Complicated Forms of Autosomal Dominant Hereditary Spastic Paraplegia Are Frequent in SPG10.” Human Mutation 30 (2): E376–85.",https://doi.org/10.1002/humu.20920
p.S202N,KIF5A,Motor,SPG10,HSP,202,S,N,AD,Missense,2012,Homo sapiens,1,Childhood,"Crimella, C., C. Baschirotto, A. Arnoldi, A. Tonelli, E. Tenderini, G. Airoldi, A. Martinuzzi, et al. 2012. “Mutations in the Motor and Stalk Domains of KIF5A in Spastic Paraplegia Type 10 and in Axonal Charcot-Marie-Tooth Type 2.” Clinical Genetics 82 (2): 157–64.",https://onlinelibrary.wiley.com/doi/abs/10.1111/j.1399-0004.2011.01717.x
p.S203C,KIF5A,Motor,SPG10,HSP,203,S,C,AD,Missense,2011,Homo sapiens,1,Adult,"Musumeci, Olimpia, Maria Teresa Bassi, Anna Mazzeo, Marina Grandis, Claudia Crimella, Andrea Martinuzzi, and Antonio Toscano. 2011. “A Novel Mutation in KIF5A Gene Causing Hereditary Spastic Paraplegia with Axonal Neuropathy.” Neurological Sciences 32 (4): 665–68.",http://dx.doi.org/10.1007/s10072-010-0445-8
p.R204W,KIF5A,Motor,SPG10,HSP,204,R,W,AD,Missense,2008,Homo sapiens,1,Adult,"Tessa, Alessandra, Gabriella Silvestri, Maria Fulvia de Leva, Anna Modoni, Paola S. Denora, Marcella Masciullo, M. Teresa Dotti, et al. 2008. “A Novel KIF5A/SPG10 Mutation in Spastic Paraplegia Associated with Axonal Neuropathy.” Journal of Neurology 255 (7): 1090–92.",http://dx.doi.org/10.1007/s00415-008-0840-8
p.R204Q,KIF5A,Motor,SPG10,HSP,204,R,Q,AD,"Missense,Sporadic",2012,Homo sapiens,2,Adult,"Crimella, C., C. Baschirotto, A. Arnoldi, A. Tonelli, E. Tenderini, G. Airoldi, A. Martinuzzi, et al. 2012. “Mutations in the Motor and Stalk Domains of KIF5A in Spastic Paraplegia Type 10 and in Axonal Charcot-Marie-Tooth Type 2.” Clinical Genetics 82 (2): 157–64.",https://onlinelibrary.wiley.com/doi/abs/10.1111/j.1399-0004.2011.01717.x
p.R204W,KIF5A,Motor,SPG10,HSP,204,R,W,,,2014,Homo sapiens,,,"Liu, Yo-Tsen, Matilde Laurá, Joshua Hersheson, Alejandro Horga, Zane Jaunmuktane, Sebastian Brandner, Alan Pittman, et al. 2014. “Extended Phenotypic Spectrum of KIF5A Mutations: From Spastic Paraplegia to Axonal Neuropathy.” Neurology 83 (7): 612–19.",http://dx.doi.org/10.1212/WNL.0000000000000691
p.R204Q,KIF5A,Motor,SPG10,HSP,204,R,Q,,,2014,Homo sapiens,,,"Liu, Yo-Tsen, Matilde Laurá, Joshua Hersheson, Alejandro Horga, Zane Jaunmuktane, Sebastian Brandner, Alan Pittman, et al. 2014. “Extended Phenotypic Spectrum of KIF5A Mutations: From Spastic Paraplegia to Axonal Neuropathy.” Neurology 83 (7): 612–19.",http://dx.doi.org/10.1212/WNL.0000000000000691
p.R204P,KIF5A,Motor,SPG10,HSP,204,R,P,,,2017,Homo sapiens,,,"Rydzanicz, M., M. Jag?a, J. Kosinska, T. Tomasik, A. Sobczak, A. Pollak, I. Herman-Sucharska, A. Walczak, P. Kwinta, and R. P?oski. 2017. “KIF5A de Novo Mutation Associated with Myoclonic Seizures and Neonatal Onset Progressive Leukoencephalopathy.” Clinical Genetics 91 (5): 769–73.",http://dx.doi.org/10.1111/cge.12831
p.R204Q,KIF5A,Motor,SPG10,HSP,204,R,Q,AD,Missense,2009,Homo sapiens,1,Mixed,"Goizet, Cyril, Amir Boukhris, Emeline Mundwiller, Chantal Tallaksen, Sylvie Forlani, Annick Toutain, Nathalie Carriere, et al. 2009. “Complicated Forms of Autosomal Dominant Hereditary Spastic Paraplegia Are Frequent in SPG10.” Human Mutation 30 (2): E376–85.",https://doi.org/10.1002/humu.20920
p.R204W,KIF5A,Motor,CMT2,"HSP,CMT2",204,R,W,Not given,Missense,2017,Homo sapiens,,Not given,"Nam, Da Eun, J.H. Woo, M.J. Kim, S.Y. Shin, B.O. Choi, K.W. Chung. 2017. “Wide Phenotypic Spectrum in Axonal Charcot-Marie-Tooth Neuropathy Type 2 Patients with KIF5A Mutations.” Journal of the Neurological Sciences 381 (1): 380.",http://dx.doi.org/10.1016/j.jns.2017.08.3288
p.R204W,KIF5A,Motor,SPG10,HSP,204,R,W,AD,Missense,2018,Homo sapiens,1,Adult,"Cuchanski, Mathieu, and Kelly Jo Baldwin. 2018. “Mutation in KIF5A c.610C>T Causing Hereditary Spastic Paraplegia with Axonal Sensorimotor Neuropathy.” Case Reports in Neurology 10 (2): 165–68.",http://dx.doi.org/10.1159/000490456
p.V231L,KIF5A,Motor,SPG10,HSP,231,V,L,AD,Missense,2012,Homo sapiens,1,Childhood,"Crimella, C., C. Baschirotto, A. Arnoldi, A. Tonelli, E. Tenderini, G. Airoldi, A. Martinuzzi, et al. 2012. “Mutations in the Motor and Stalk Domains of KIF5A in Spastic Paraplegia Type 10 and in Axonal Charcot-Marie-Tooth Type 2.” Clinical Genetics 82 (2): 157–64.",https://onlinelibrary.wiley.com/doi/abs/10.1111/j.1399-0004.2011.01717.x
p.D232N,KIF5A,Motor,CMT2,CMT2,232,D,N,,,2014,Homo sapiens,,,"Liu, Yo-Tsen, Matilde Laurá, Joshua Hersheson, Alejandro Horga, Zane Jaunmuktane, Sebastian Brandner, Alan Pittman, et al. 2014. “Extended Phenotypic Spectrum of KIF5A Mutations: From Spastic Paraplegia to Axonal Neuropathy.” Neurology 83 (7): 612–19.",http://dx.doi.org/10.1212/WNL.0000000000000691
p.G235E,KIF5A,Motor,CMT2,CMT2,235,G,E,,Missense,2012,Homo sapiens,1,Adult,"Crimella, C., C. Baschirotto, A. Arnoldi, A. Tonelli, E. Tenderini, G. Airoldi, A. Martinuzzi, et al. 2012. “Mutations in the Motor and Stalk Domains of KIF5A in Spastic Paraplegia Type 10 and in Axonal Charcot-Marie-Tooth Type 2.” Clinical Genetics 82 (2): 157–64.",https://onlinelibrary.wiley.com/doi/abs/10.1111/j.1399-0004.2011.01717.x
p.L249V,KIF5A,Motor,cHSP,HSP,249,L,V,AD,Missense,2016,Homo sapiens,1,Childhood,"Lynch, David S., Georgios Koutsis, Arianna Tucci, Marios Panas, Markella Baklou, Marianthi Breza, Georgia Karadima, and Henry Houlden. 2016. “Hereditary Spastic Paraplegia in Greece: Characterisation of a Previously Unexplored Population Using next-Generation Sequencing.” European Journal of Human Genetics: EJHG 24 (6): 857–63.",https://www.nature.com/articles/ejhg2015200
p.E251K,KIF5A,Motor,"SPG10,CMT2","HSP,CMT2",251,E,K,AD,Missense,2009,Homo sapiens,1,Adult,"Goizet, Cyril, Amir Boukhris, Emeline Mundwiller, Chantal Tallaksen, Sylvie Forlani, Annick Toutain, Nathalie Carriere, et al. 2009. “Complicated Forms of Autosomal Dominant Hereditary Spastic Paraplegia Are Frequent in SPG10.” Human Mutation 30 (2): E376–85.",https://doi.org/10.1002/humu.20920
p.K253N,KIF5A,Motor,SPG10,HSP,253,K,N,AD,Missense,2008,Homo sapiens,1,Mixed,"Schüle, R., B. P. H. Kremer, J. Kassubek, M. Auer-Grumbach, V. Kostic, T. Klopstock, S. Klimpe, et al. 2008. “SPG10 Is a Rare Cause of Spastic Paraplegia in European Families.” Journal of Neurology, Neurosurgery, and Psychiatry 79 (5): 584–87.
",http://dx.doi.org/10.1136/jnnp.2007.137596
p.I255M,KIF5A,Motor,SPG10,HSP,255,I,M,AD,Missense,2018,Homo sapiens,1,Adult,"Citrigno, L., A. Magariello, P. Pugliese, G. Di Palma, F. L. Conforti, A. Petrone, and M. Muglia. 2018. “Kinesins in Neurological Inherited Diseases: A Novel Motor-Domain Mutation in KIF5A Gene in a Patient from Southern Italy Affected by Hereditary Spastic Paraplegia.” Acta Neurologica Belgica 118 (4): 643–46.",https://link.springer.com/article/10.1007%2Fs13760-018-1039-0
p.N256S,KIF5A,Motor,SPG10,HSP,256,N,S,AD,Missense,2002,Homo sapiens,1,Childhood,"Reid, Evan, Mark Kloos, Allison Ashley-Koch, Lori Hughes, Simon Bevan, Ingrid K. Svenson, Felicia Lennon Graham, et al. 2002. “A Kinesin Heavy Chain (KIF5A) Mutation in Hereditary Spastic Paraplegia (SPG10).” American Journal of Human Genetics 71 (5): 1189–94.",https://doi.org/10.1086/344210
p.N256del,KIF5A,Motor,SPG10,HSP,256,N,del,AD,In frame deletion,2008,Homo sapiens,1,Adult,"Schüle, R., B. P. H. Kremer, J. Kassubek, M. Auer-Grumbach, V. Kostic, T. Klopstock, S. Klimpe, et al. 2008. “SPG10 Is a Rare Cause of Spastic Paraplegia in European Families.” Journal of Neurology, Neurosurgery, and Psychiatry 79 (5): 584–87.
",http://dx.doi.org/10.1136/jnnp.2007.137596
p.K257N,KIF5A,Motor,SPG10,HSP,257,K,N,AD,Missense,2009,Homo sapiens,1,Mixed,"Goizet, Cyril, Amir Boukhris, Emeline Mundwiller, Chantal Tallaksen, Sylvie Forlani, Annick Toutain, Nathalie Carriere, et al. 2009. “Complicated Forms of Autosomal Dominant Hereditary Spastic Paraplegia Are Frequent in SPG10.” Human Mutation 30 (2): E376–85.",https://doi.org/10.1002/humu.20920
p.S258L,KIF5A,Motor,SPG10,HSP,258,S,L,AD,Missense,2015,Homo sapiens,1,Mixed,"López, Eva, Carlos Casasnovas, Javier Giménez, Raúl Santamaría, Jesús M. Terrazas, and Víctor Volpini. 2015. “Identification of Two Novel KIF5A Mutations in Hereditary Spastic Paraplegia Associated with Mild Peripheral Neuropathy.” Journal of the Neurological Sciences 358 (1-2): 422–27.",https://doi.org/10.1016/j.jns.2015.08.1529
p.L259Q,KIF5A,Motor,Complex,HSP,259,L,Q,AD,Missense,2014,Homo sapiens,1,Adult,"Muglia, M., L. Citrigno, E. D’Errico, A. Magariello, E. Distaso, A. A. Gasparro, A. Scarafino, et al. 2014. “A Novel KIF5A Mutation in an Italian Family Marked by Spastic Paraparesis and Congenital Deafness.” Journal of the Neurological Sciences 343 (1-2): 218–20.",http://dx.doi.org/10.1016/j.jns.2014.05.063
p.L262P,KIF5A,Motor,CMT2,"HSP,CMT2",262,L,P,AD,Missense,2017,Homo sapiens,1,Adult,"Dohrn, M. F., N. Glöckle, L. Mulahasanovic, A. Sprecher, S. Biskup, K. G. Claeys, J. B. Schulz, and B. Gess. 2017. “P 44 Brisk Jerk Reflexes in a CMT Case – Novel Heterozygous Variant c.785T>C; p.Leu262Pro in KIF5A Explaining the Mixed Phenotype.” Clinical Neurophysiology: Official Journal of the International Federation of Clinical Neurophysiology 128 (10): e352.",http://dx.doi.org/10.1016/j.clinph.2017.06.123
p.A268T,KIF5A,Motor,,,268,A,T,AD,Missense,2019,Homo sapiens,1,Adult,"de Fuenmayor-Fernández de la Hoz, C.P., Hernández-Laín, A., Olivé, M., Sánchez-Calvín, M.T., Gonzalo-Martínez, J.F., and Domínguez-González, C. (2019). Adult-onset distal spinal muscular atrophy: a new phenotype associated with KIF5A mutations. Brain.",http://dx.doi.org/10.1093/brain/awz317
p.Y276C,KIF5A,Motor,SPG10,HSP,276,Y,C,AD,Missense,2006,Homo sapiens,1,Adult,"Blair, Marcia A., Shaochun Ma, and Peter Hedera. 2006. “Mutation in KIF5A Can Also Cause Adult-Onset Hereditary Spastic Paraplegia.” Neurogenetics 7 (1): 47–50.",http://dx.doi.org/10.1007/s10048-005-0027-8
p.P278L,KIF5A,Motor,SPG10,HSP,278,P,L,AD,Missense,2015,Homo sapiens,1,Adult,"López, Eva, Carlos Casasnovas, Javier Giménez, Raúl Santamaría, Jesús M. Terrazas, and Víctor Volpini. 2015. “Identification of Two Novel KIF5A Mutations in Hereditary Spastic Paraplegia Associated with Mild Peripheral Neuropathy.” Journal of the Neurological Sciences 358 (1-2): 422–27.",https://doi.org/10.1016/j.jns.2015.08.1529
p.R280C,KIF5A,Motor,SPG10,HSP,280,R,C,AD,Missense,2004,Homo sapiens,1,Childhood,"Fichera, M., M. Lo Giudice, M. Falco, M. Sturnio, S. Amata, O. Calabrese, S. Bigoni, E. Calzolari, and M. Neri. 2004. “Evidence of Kinesin Heavy Chain (KIF5A) Involvement in Pure Hereditary Spastic Paraplegia.” Neurology 63 (6): 1108–10.",http://www.neurology.org/cgi/pmidlookup?view=long&pmid=15452312
p.R280H,KIF5A,Motor,CMT2,CMT2,280,R,H,,,2014,Homo sapiens,,,"Liu, Yo-Tsen, Matilde Laurá, Joshua Hersheson, Alejandro Horga, Zane Jaunmuktane, Sebastian Brandner, Alan Pittman, et al. 2014. “Extended Phenotypic Spectrum of KIF5A Mutations: From Spastic Paraplegia to Axonal Neuropathy.” Neurology 83 (7): 612–19.",http://dx.doi.org/10.1212/WNL.0000000000000691
p.R280C,KIF5A,Motor,CMT2,CMT2,280,R,C,,,2014,Homo sapiens,,,"Liu, Yo-Tsen, Matilde Laurá, Joshua Hersheson, Alejandro Horga, Zane Jaunmuktane, Sebastian Brandner, Alan Pittman, et al. 2014. “Extended Phenotypic Spectrum of KIF5A Mutations: From Spastic Paraplegia to Axonal Neuropathy.” Neurology 83 (7): 612–19.",http://dx.doi.org/10.1212/WNL.0000000000000691
p.R280C,KIF5A,Motor,SPG10,HSP,280,R,C,,,2014,Homo sapiens,,,"Liu, Yo-Tsen, Matilde Laurá, Joshua Hersheson, Alejandro Horga, Zane Jaunmuktane, Sebastian Brandner, Alan Pittman, et al. 2014. “Extended Phenotypic Spectrum of KIF5A Mutations: From Spastic Paraplegia to Axonal Neuropathy.” Neurology 83 (7): 612–19.",http://dx.doi.org/10.1212/WNL.0000000000000691
p.R280L,KIF5A,Motor,SPG10,HSP,280,R,L,AD,Missense,2009,Homo sapiens,1,Adult,"Goizet, Cyril, Amir Boukhris, Emeline Mundwiller, Chantal Tallaksen, Sylvie Forlani, Annick Toutain, Nathalie Carriere, et al. 2009. “Complicated Forms of Autosomal Dominant Hereditary Spastic Paraplegia Are Frequent in SPG10.” Human Mutation 30 (2): E376–85.",https://doi.org/10.1002/humu.20920
p.R280H,KIF5A,Motor,CMT2,CMT2,280,R,H,Not given,Missense,2017,Homo sapiens,,Not given,"Nam, Da Eun, J.H. Woo, M.J. Kim, S.Y. Shin, B.O. Choi, K.W. Chung. 2017. “Wide Phenotypic Spectrum in Axonal Charcot-Marie-Tooth Neuropathy Type 2 Patients with KIF5A Mutations.” Journal of the Neurological Sciences 381 (1): 380.",http://dx.doi.org/10.1016/j.jns.2017.08.3288
p.R280C,KIF5A,Motor,SPG10,HSP,280,R,C,AD,Missense,2009,Homo sapiens,1,Mixed,"Goizet, Cyril, Amir Boukhris, Emeline Mundwiller, Chantal Tallaksen, Sylvie Forlani, Annick Toutain, Nathalie Carriere, et al. 2009. “Complicated Forms of Autosomal Dominant Hereditary Spastic Paraplegia Are Frequent in SPG10.” Human Mutation 30 (2): E376–85.",https://doi.org/10.1002/humu.20920
p.R280H,KIF5A,Motor,SPG10,HSP,280,R,H,AD,Missense,2009,Homo sapiens,1,Childhood,"Goizet, Cyril, Amir Boukhris, Emeline Mundwiller, Chantal Tallaksen, Sylvie Forlani, Annick Toutain, Nathalie Carriere, et al. 2009. “Complicated Forms of Autosomal Dominant Hereditary Spastic Paraplegia Are Frequent in SPG10.” Human Mutation 30 (2): E376–85.",https://doi.org/10.1002/humu.20920
p.R280S,KIF5A,Motor,SPG10,HSP,280,R,S,,,2018,Homo sapiens,,,"Dutta, Mandira, Michael R. Diehl, José N. Onuchic, and Biman Jana.",https://doi.org/10.1073/pnas.1810622115
p.R297Q,KIF5A,Motor,ALS,ALS,297,R,Q,Not given,Missense,2019,Homo sapiens,1,Not given,"He J, Liu X, Tang L, Zhao C, He J, Fan D.",http://dx.doi.org/10.1136/jnnp-2019-320483
p.R323W,KIF5A,Motor,cHSP,HSP,323,R,W,,,2017,Homo sapiens,,,"Rydzanicz, M., M. Jag?a, J. Kosinska, T. Tomasik, A. Sobczak, A. Pollak, I. Herman-Sucharska, A. Walczak, P. Kwinta, and R. P?oski. 2017. “KIF5A de Novo Mutation Associated with Myoclonic Seizures and Neonatal Onset Progressive Leukoencephalopathy.” Clinical Genetics 91 (5): 769–73.",http://dx.doi.org/10.1111/cge.12831
p.R323W,KIF5A,Motor,cHSP,HSP,323,R,W,,,2015,Homo sapiens,,,"Rinaldi, Fabrizio, Maria T. Bassi, Alice Todeschini, Silvia Rota, Alessia Arnoldi, Alessandro Padovani, and Massimiliano Filosto. 2015. “A Novel Mutation in Motor Domain of KIF5A Associated with an HSP/axonal Neuropathy Phenotype.” Journal of Clinical Neuromuscular Disease 16 (3): 153–58.",http://dx.doi.org/10.1097/CND.0000000000000063
p.A361V,KIF5A,Neck,SPG10,HSP,361,A,V,AD,Missense,2006,Homo sapiens,1,Adult,"Giudice, Mariangela Lo, Marcella Neri, Michele Falco, Maurizio Sturnio, Elisa Calzolari, Daniela Di Benedetto, and Marco Fichera. 2006. “A Missense Mutation in the Coiled-Coil Domain of the KIF5A Gene and Late-Onset Hereditary Spastic Paraplegia.” Archives of Neurology 63 (2): 284–87.",https://jamanetwork.com/journals/jamaneurology/fullarticle/790481
p.K362N,KIF5A,Neck,cHSP,HSP,362,K,N,AD,Missense,2017,Homo sapiens,1,Adult,"Guinto, Cheick O., Salimata Diarra, Salimata Diallo, Lassana Cissé, Thomas Coulibaly, Seybou H. Diallo, Abdoulaye Taméga, et al. 2017. “A Novel Mutation in KIF5A in a Malian Family with Spastic Paraplegia and Sensory Loss.” Annals of Clinical and Translational Neurology 4 (4): 272–75.",http://dx.doi.org/10.1002/acn3.402
p.A391V,KIF5A,Stalk,SPG10,HSP,391,A,V,,,2017,Homo sapiens,,,"Rydzanicz, M., M. Jag?a, J. Kosinska, T. Tomasik, A. Sobczak, A. Pollak, I. Herman-Sucharska, A. Walczak, P. Kwinta, and R. P?oski. 2017. “KIF5A de Novo Mutation Associated with Myoclonic Seizures and Neonatal Onset Progressive Leukoencephalopathy.” Clinical Genetics 91 (5): 769–73.",http://dx.doi.org/10.1111/cge.12831
p.E413G,KIF5A,Stalk,ALS,ALS,413,E,G,,,2018,Homo sapiens,,,"Brenner, David, Rüstem Yilmaz, Kathrin Müller, Torsten Grehl, Susanne Petri, Thomas Meyer, Julian Grosskreutz, et al. 2018. “Hot-Spot KIF5A Mutations Cause Familial ALS.” Brain: A Journal of Neurology, January. https://doi.org/10.1093/brain/awx370",http://dx.doi.org/10.1093/brain/awx370
p.R468W,KIF5A,Stalk,cHSP,"HSP,Complex",468,R,W,,Missense,2019,Homo sapiens,1,Adult,"Elert-Dobkowska, Ewelina, Iwona Stepniak, Wioletta Krysa, Karolina Ziora-Jakutowicz, Maria Rakowicz, Anna Sobanska, Jacek Pilch, Dorota Antczak-Marach, Jacek Zaremba, and Anna Sulek. 2019. “Next-Generation Sequencing Study Reveals the Broader Variant Spectrum of Hereditary Spastic Paraplegia and Related Phenotypes.” Neurogenetics 20 (1): 27–38.",https://doi.org/10.1007/s10048-019-00565-6
p.Q474H,KIF5A,Stalk,ALS,ALS,474,Q,H,,,2018,Homo sapiens,,,"Brenner, David, Rüstem Yilmaz, Kathrin Müller, Torsten Grehl, Susanne Petri, Thomas Meyer, Julian Grosskreutz, et al. 2018. “Hot-Spot KIF5A Mutations Cause Familial ALS.” Brain: A Journal of Neurology, January. https://doi.org/10.1093/brain/awx370.",http://dx.doi.org/10.1093/brain/awx370
p.L558P,KIF5A,Stalk,CMT2,CMT2,558,L,P,Not given,Missense,2017,Homo sapiens,,Not given,"Nam, Da Eun, J.H. Woo, M.J. Kim, S.Y. Shin, B.O. Choi, K.W. Chung. 2017. “Wide Phenotypic Spectrum in Axonal Charcot-Marie-Tooth Neuropathy Type 2 Patients with KIF5A Mutations.” Journal of the Neurological Sciences 381 (1): 380.",http://dx.doi.org/10.1016/j.jns.2017.08.3288
p.S577G,KIF5A,Stalk,ALS,ALS,577,S,G,,,2018,Homo sapiens,,,"Brenner, David, Rüstem Yilmaz, Kathrin Müller, Torsten Grehl, Susanne Petri, Thomas Meyer, Julian Grosskreutz, et al. 2018. “Hot-Spot KIF5A Mutations Cause Familial ALS.” Brain: A Journal of Neurology, January. https://doi.org/10.1093/brain/awx370.",http://dx.doi.org/10.1093/brain/awx370
p.A579T,KIF5A,Stalk,ALS,ALS,579,A,T,Not given,Missense,2019,Homo sapiens,,Not given,"Tripolszki,  Gampawar,  Schmidt,  Nagy,  Nagy, Klivényi, Engelhardt, Széll ",https://doi.org/10.3389/fgene.2019.00732
p.E755K,KIF5A,Stalk,"SPG10,ALS","HSP,ALS",755,E,K,AD,Missense,2018,Homo sapiens,1,Mixed,"Simone, Marta, Antonio Trabacca, Elena Panzeri, Luciana Losito, Andrea Citterio, and Maria Teresa Bassi. 2018. “KIF5A and ALS2 Variants in a Family With Hereditary Spastic Paraplegia and Amyotrophic Lateral Sclerosis.” Frontiers in Neurology 9 (December): 1078.",
p.E758K,KIF5A,Stalk,ALS,ALS,758,E,K,Not given,Missense,2019,Homo sapiens,,Not given,"Tripolszki,  Gampawar,  Schmidt,  Nagy,  Nagy, Klivényi, Engelhardt, Széll ",https://doi.org/10.3389/fgene.2019.00732
p.K781E,KIF5A,Stalk,Complex,"HSP,ALS",781,K,E,Unknown,Missense,2018,Homo sapiens,1,Adult,"Filosto, Massimiliano, Stefano Cotti Piccinelli, Ilaria Palmieri, Nicola Necchini, Marialuisa Valente, Isabella Zanella, Giorgio Biasiotto, Diego Di Lorenzo, Cristina Cereda, and Alessandro Padovani. 2018. “A Novel Mutation in the Stalk Domain of KIF5A Causes a Slowly Progressive Atypical Motor Syndrome.” Journal of Clinical Medicine Research 8 (1) 1-9. https://doi.org/10.3390/jcm8010017.",https://doi.org/10.3390/jcm8010017
p.R864*,KIF5A,Tail,cHSP,HSP,864,R,,AD,Nonsense,2016,Homo sapiens,1,Childhood,"Lynch, David S., Georgios Koutsis, Arianna Tucci, Marios Panas, Markella Baklou, Marianthi Breza, Georgia Karadima, and Henry Houlden. 2016. “Hereditary Spastic Paraplegia in Greece: Characterisation of a Previously Unexplored Population Using next-Generation Sequencing.” European Journal of Human Genetics: EJHG 24 (6): 857–63.",https://www.nature.com/articles/ejhg2015200
p.S974fs,KIF5A,Tail,mito,Complex,974,S,,,,2017,Homo sapiens,,,"Rydzanicz, M., M. Jag?a, J. Kosinska, T. Tomasik, A. Sobczak, A. Pollak, I. Herman-Sucharska, A. Walczak, P. Kwinta, and R. P?oski. 2017. “KIF5A de Novo Mutation Associated with Myoclonic Seizures and Neonatal Onset Progressive Leukoencephalopathy.” Clinical Genetics 91 (5): 769–73.",http://dx.doi.org/10.1111/cge.12831
p.S978fs,KIF5A,Tail,mito,Complex,978,S,,,,2013,Homo sapiens,,,"DaRe, Jeana T., Valeria Vasta, John Penn, Nguyen-Thao B. Tran, and Si Houn Hahn. 2013. “Targeted Exome Sequencing for Mitochondrial Disorders Reveals High Genetic Heterogeneity.” BMC Medical Genetics 14 (November): 118.",http://dx.doi.org/10.1111/cge.12831
p.P986L,KIF5A,Tail,ALS,ALS,986,P,L,,Missense,2018,Homo sapiens,1,Adult,"Nicolas, Aude, Kevin P. Kenna, Alan E. Renton, Nicola Ticozzi, Faraz Faghri, Ruth Chia, Janice A. Dominov, et al. 2018. “Genome-Wide Analyses Identify KIF5A as a Novel ALS Gene.” Neuron 97 (6): 1268–83.",http://dx.doi.org/10.1016/j.neuron.2018.02.027
p.D996fs,KIF5A,Tail,ALS,ALS,996,D,,,,2018,Homo sapiens,1,Adult,"Nicolas, Aude, Kevin P. Kenna, Alan E. Renton, Nicola Ticozzi, Faraz Faghri, Ruth Chia, Janice A. Dominov, et al. 2018. “Genome-Wide Analyses Identify KIF5A as a Novel ALS Gene.” Neuron 97 (6): 1268–83.",http://dx.doi.org/10.1016/j.neuron.2018.02.027
p.N999fs,KIF5A,Tail,ALS,ALS,999,N,,,,2018,Homo sapiens,,,"Brenner, David, Rüstem Yilmaz, Kathrin Müller, Torsten Grehl, Susanne Petri, Thomas Meyer, Julian Grosskreutz, et al. 2018. “Hot-Spot KIF5A Mutations Cause Familial ALS.” Brain: A Journal of Neurology, January. https://doi.org/10.1093/brain/awx370.",http://dx.doi.org/10.1093/brain/awx370
p.N999fs,KIF5A,Tail,ALS,ALS,999,N,,,,2018,Homo sapiens,1,Adult,"Nicolas, Aude, Kevin P. Kenna, Alan E. Renton, Nicola Ticozzi, Faraz Faghri, Ruth Chia, Janice A. Dominov, et al. 2018. “Genome-Wide Analyses Identify KIF5A as a Novel ALS Gene.” Neuron 97 (6): 1268–83.",http://dx.doi.org/10.1016/j.neuron.2018.02.027
p.T1001Qfs,KIF5A,Tail,ALS,ALS,1001,T,Q,,,2019,Homo sapiens,1,Adult,"He J, Liu X, Tang L, Zhao C, He J, Fan D.",http://dx.doi.org/10.1136/jnnp-2019-320483
p.R1007G,KIF5A,Tail,ALS,ALS,1007,R,G,,Missense,2018,Homo sapiens,1,Adult,"Nicolas, Aude, Kevin P. Kenna, Alan E. Renton, Nicola Ticozzi, Faraz Faghri, Ruth Chia, Janice A. Dominov, et al. 2018. “Genome-Wide Analyses Identify KIF5A as a Novel ALS Gene.” Neuron 97 (6): 1268–83.",http://dx.doi.org/10.1016/j.neuron.2018.02.027
p.R1007K,KIF5A,Tail,ALS,ALS,1007,R,K,,Missense,2018,Homo sapiens,2,Adult,"Nicolas, Aude, Kevin P. Kenna, Alan E. Renton, Nicola Ticozzi, Faraz Faghri, Ruth Chia, Janice A. Dominov, et al. 2018. “Genome-Wide Analyses Identify KIF5A as a Novel ALS Gene.” Neuron 97 (6): 1268–83.",http://dx.doi.org/10.1016/j.neuron.2018.02.027
p.R1007fs*,KIF5A,Tail,"cHSP,ALS","HSP,ALS",1007,R,,AD,Splice site,2019,Homo sapiens,1,Adult,"Faruq, M., Kumar, D., Wadhwa, S., Shamim, U., Mathur, A., Parveen, S., Garg, A., and Srivastava, A.K. (2019). Intrafamilial variable spastic paraplegia/ataxia/ALS phenotype linked to a novel KIF5A mutation. Clin. Genet. 96, 271–273.",http://dx.doi.org/10.1111/cge.13585
p.E237L,KIF5C,Motor,"Epilepsy,ID,Cortical Malformation",,237,E,L,de novo,Missense,2017,Homo sapiens,,Childhood,"Michels, S., Foss, K., Park, K., Golden-Grant, K., Saneto, R., Lopez, J., and Mirzaa, G.M. (2017). Mutations of KIF5C cause a neurodevelopmental disorder of infantile-onset epilepsy, absent language, and distinctive malformations of cortical development. Am. J. Med. Genet. A 173, 3127–3131.",http://dx.doi.org/10.1002/ajmg.a.38496
p.E237L,KIF5C,Motor,"Epilepsy,ID,Cortical Malformation",,237,E,L,de novo,Missense,2017,Homo sapiens,,Childhood,"Michels, S., Foss, K., Park, K., Golden-Grant, K., Saneto, R., Lopez, J., and Mirzaa, G.M. (2017). Mutations of KIF5C cause a neurodevelopmental disorder of infantile-onset epilepsy, absent language, and distinctive malformations of cortical development. Am. J. Med. Genet. A 173, 3127–3131.",http://dx.doi.org/10.1002/ajmg.a.38496
p.E237V,KIF5C,Motor,"Cortical Malformation,Epilepsy",,237,E,V,Maternal Mosaicism,Missense,2013,Homo sapiens,,Childhood,"Poirier, K., Lebrun, N., Broix, L., Tian, G., Saillour, Y., Boscheron, C., Parrini, E., Valence, S., Pierre, B.S., Oger, M., et al. (2013). Mutations in TUBG1, DYNC1H1, KIF5C and KIF2A cause malformations of cortical development and microcephaly. Nat. Genet. 45, 639–647.",http://dx.doi.org/10.1038/ng.2613
p.E237L,KIF5C,Motor,"Epilepsy,ID,Cortical Malformation",,237,E,L,de novo,Missense,2014,Homo sapiens,,Childhood,"Willemsen, M.H., Ba, W., Wissink-Lindhout, W.M., de Brouwer, A.P.M., Haas, S.A., Bienek, M., Hu, H., Vissers, L.E.L.M., van Bokhoven, H., Kalscheuer, V., et al. (2014). Involvement of the kinesin family members KIF4A and KIF5C in intellectual disability and synaptic function. J. Med. Genet. 51, 487–494.",http://dx.doi.org/10.1136/jmedgenet-2013-102182
p.A268S,KIF5C,Motor,Cortical Malformation,,268,A,S,,Missense,2014,Homo sapiens,,Childhood,"Jamuar, S.S., Lam, A.-T.N., Kircher, M., D’Gama, A.M., Wang, J., Barry, B.J., Zhang, X., Hill, R.S., Partlow, J.N., Rozzo, A., et al. (2014). Somatic mutations in cerebral cortical malformations. N. Engl. J. Med. 371, 733–743.",http://dx.doi.org/10.1056/NEJMoa1314432
p.E237L,KIF5C,Motor,"Cortical Malformation,ID",,237,E,L,de novo,Missense,2015,Homo sapiens,,Childhood,"Cavallin, M., Hubert, L., Cantagrel, V., Munnich, A., Boddaert, N., Vincent-Delorme, C., Cuvellier, J.C., Masson, C., Besmond, C., and Bahi-Buisson, N. (2015). Recurrent KIF5C mutation leading to frontal pachygyria without microcephaly. Neurogenetics 17, 79–82.",http://dx.doi.org/10.1007/s10048-015-0459-8
Q65-stop,KHC,Motor,,,65,Q,STOP,,Nonsense,2012,Drosophila,,,"Djagaeva, I., Rose, D.J., Lim, A., Venter, C.E., Brendza, K.M., Moua, P., and Saxton, W.M. (2012). Three Routes to Suppression of the Neurodegenerative Phenotypes Caused by Kinesin Heavy Chain Mutations. Genetics 192, 173–183.",
D79N,KHC,Motor,,,79,D,N,,Missense,2012,Drosophila,,,"Djagaeva, I., Rose, D.J., Lim, A., Venter, C.E., Brendza, K.M., Moua, P., and Saxton, W.M. (2012). Three Routes to Suppression of the Neurodegenerative Phenotypes Caused by Kinesin Heavy Chain Mutations. Genetics 192, 173–183.",
V80I,KHC,Motor,,,80,V,I,,Missense,2000,Drosophila,,,"Brendza, K.M., Rose, D.J., Gilbert, S.P., and Saxton, W.M. (1999). Lethal kinesin mutations reveal amino acids important for ATPase activation and structural coupling. J. Biol. Chem. 274, 31506–31514.",
R117L,KHC,Motor,,,117,R,L,,Missense,2012,Drosophila,,,"Djagaeva, I., Rose, D.J., Lim, A., Venter, C.E., Brendza, K.M., Moua, P., and Saxton, W.M. (2012). Three Routes to Suppression of the Neurodegenerative Phenotypes Caused by Kinesin Heavy Chain Mutations. Genetics 192, 173–183.",
E134Q,KHC,Motor,,,134,E,Q,,Missense,2012,Drosophila,,,"Djagaeva, I., Rose, D.J., Lim, A., Venter, C.E., Brendza, K.M., Moua, P., and Saxton, W.M. (2012). Three Routes to Suppression of the Neurodegenerative Phenotypes Caused by Kinesin Heavy Chain Mutations. Genetics 192, 173–183.",
E134K,KHC,Motor,,,134,E,K,,Missense,2000,Drosophila,,,"Brendza, K.M., Rose, D.J., Gilbert, S.P., and Saxton, W.M. (1999). Lethal kinesin mutations reveal amino acids important for ATPase activation and structural coupling. J. Biol. Chem. 274, 31506–31514.",
E164K,KHC,Motor,,,164,E,K,,Missense,2012,Drosophila,,,"Djagaeva, I., Rose, D.J., Lim, A., Venter, C.E., Brendza, K.M., Moua, P., and Saxton, W.M. (2012). Three Routes to Suppression of the Neurodegenerative Phenotypes Caused by Kinesin Heavy Chain Mutations. Genetics 192, 173–183.",
E164K,KHC,Motor,,,164,E,K,,Missense,2000,Drosophila,,,"Brendza, K.M., Rose, D.J., Gilbert, S.P., and Saxton, W.M. (1999). Lethal kinesin mutations reveal amino acids important for ATPase activation and structural coupling. J. Biol. Chem. 274, 31506–31514.",
E177K,KHC,Motor,,,177,E,K,,Missense,2012,Drosophila,,,"Djagaeva, I., Rose, D.J., Lim, A., Venter, C.E., Brendza, K.M., Moua, P., and Saxton, W.M. (2012). Three Routes to Suppression of the Neurodegenerative Phenotypes Caused by Kinesin Heavy Chain Mutations. Genetics 192, 173–183.",
E177K,KHC,Motor,,,177,E,K,,Missense,2000,Drosophila,,,"Brendza, K.M., Rose, D.J., Gilbert, S.P., and Saxton, W.M. (1999). Lethal kinesin mutations reveal amino acids important for ATPase activation and structural coupling. J. Biol. Chem. 274, 31506–31514.",
A240T,KHC,Motor,,,240,A,T,,Missense,2012,Drosophila,,,"Djagaeva, I., Rose, D.J., Lim, A., Venter, C.E., Brendza, K.M., Moua, P., and Saxton, W.M. (2012). Three Routes to Suppression of the Neurodegenerative Phenotypes Caused by Kinesin Heavy Chain Mutations. Genetics 192, 173–183.",
A240V,KHC,Motor,,,240,A,V,,Missense,2012,Drosophila,,,"Djagaeva, I., Rose, D.J., Lim, A., Venter, C.E., Brendza, K.M., Moua, P., and Saxton, W.M. (2012). Three Routes to Suppression of the Neurodegenerative Phenotypes Caused by Kinesin Heavy Chain Mutations. Genetics 192, 173–183.",
S246F,KHC,Motor,,,246,S,F,,Missense,2012,Drosophila,,,"Djagaeva, I., Rose, D.J., Lim, A., Venter, C.E., Brendza, K.M., Moua, P., and Saxton, W.M. (2012). Three Routes to Suppression of the Neurodegenerative Phenotypes Caused by Kinesin Heavy Chain Mutations. Genetics 192, 173–183.",
S246F,KHC,Motor,,,246,S,F,,Missense,2000,Drosophila,,,"Brendza, K.M., Rose, D.J., Gilbert, S.P., and Saxton, W.M. (1999). Lethal kinesin mutations reveal amino acids important for ATPase activation and structural coupling. J. Biol. Chem. 274, 31506–31514.",
T248I,KHC,Motor,,,248,T,I,,Missense,2012,Drosophila,,,"Djagaeva, I., Rose, D.J., Lim, A., Venter, C.E., Brendza, K.M., Moua, P., and Saxton, W.M. (2012). Three Routes to Suppression of the Neurodegenerative Phenotypes Caused by Kinesin Heavy Chain Mutations. Genetics 192, 173–183.",
G249E,KHC,Motor,,,249,G,E,,Missense,2012,Drosophila,,,"Djagaeva, I., Rose, D.J., Lim, A., Venter, C.E., Brendza, K.M., Moua, P., and Saxton, W.M. (2012). Three Routes to Suppression of the Neurodegenerative Phenotypes Caused by Kinesin Heavy Chain Mutations. Genetics 192, 173–183.",
E251K,KHC,Motor,,,251,E,K,,Missense,2012,Drosophila,,,"Djagaeva, I., Rose, D.J., Lim, A., Venter, C.E., Brendza, K.M., Moua, P., and Saxton, W.M. (2012). Three Routes to Suppression of the Neurodegenerative Phenotypes Caused by Kinesin Heavy Chain Mutations. Genetics 192, 173–183.",
E251K,KHC,Motor,,,251,E,K,,Missense,2000,Drosophila,,,"Brendza, K.M., Rose, D.J., Gilbert, S.P., and Saxton, W.M. (1999). Lethal kinesin mutations reveal amino acids important for ATPase activation and structural coupling. J. Biol. Chem. 274, 31506–31514.",
L255F,KHC,Motor,,,255,L,F,,Missense,2012,Drosophila,,,"Djagaeva, I., Rose, D.J., Lim, A., Venter, C.E., Brendza, K.M., Moua, P., and Saxton, W.M. (2012). Three Routes to Suppression of the Neurodegenerative Phenotypes Caused by Kinesin Heavy Chain Mutations. Genetics 192, 173–183.",
D277N,KHC,Motor,,,277,D,N,,Missense,2012,Drosophila,,,"Djagaeva, I., Rose, D.J., Lim, A., Venter, C.E., Brendza, K.M., Moua, P., and Saxton, W.M. (2012). Three Routes to Suppression of the Neurodegenerative Phenotypes Caused by Kinesin Heavy Chain Mutations. Genetics 192, 173–183.",
D277N,KHC,Motor,,,277,D,N,,Missense,2000,Drosophila,,,"Brendza, K.M., Rose, D.J., Gilbert, S.P., and Saxton, W.M. (1999). Lethal kinesin mutations reveal amino acids important for ATPase activation and structural coupling. J. Biol. Chem. 274, 31506–31514.",
T291M,KHC,Motor,,,291,T,M,,Missense,2012,Drosophila,,,"Djagaeva, I., Rose, D.J., Lim, A., Venter, C.E., Brendza, K.M., Moua, P., and Saxton, W.M. (2012). Three Routes to Suppression of the Neurodegenerative Phenotypes Caused by Kinesin Heavy Chain Mutations. Genetics 192, 173–183.",
T291M,KHC,Motor,,,291,T,M,,Missense,2000,Drosophila,,,"Brendza, K.M., Rose, D.J., Gilbert, S.P., and Saxton, W.M. (1999). Lethal kinesin mutations reveal amino acids important for ATPase activation and structural coupling. J. Biol. Chem. 274, 31506–31514.",
R303C,KHC,Motor,,,303,R,C,,Missense,2012,Drosophila,,,"Djagaeva, I., Rose, D.J., Lim, A., Venter, C.E., Brendza, K.M., Moua, P., and Saxton, W.M. (2012). Three Routes to Suppression of the Neurodegenerative Phenotypes Caused by Kinesin Heavy Chain Mutations. Genetics 192, 173–183.",
R303C,KHC,Motor,,,303,R,C,,Missense,2000,Drosophila,,,"Brendza, K.M., Rose, D.J., Gilbert, S.P., and Saxton, W.M. (1999). Lethal kinesin mutations reveal amino acids important for ATPase activation and structural coupling. J. Biol. Chem. 274, 31506–31514.",
T323S,KHC,Motor,,,323,T,S,,Missense,2012,Drosophila,,,"Djagaeva, I., Rose, D.J., Lim, A., Venter, C.E., Brendza, K.M., Moua, P., and Saxton, W.M. (2012). Three Routes to Suppression of the Neurodegenerative Phenotypes Caused by Kinesin Heavy Chain Mutations. Genetics 192, 173–183.",
T323S,KHC,Motor,,,323,T,S,,Missense,2000,Drosophila,,,"Brendza, K.M., Rose, D.J., Gilbert, S.P., and Saxton, W.M. (1999). Lethal kinesin mutations reveal amino acids important for ATPase activation and structural coupling. J. Biol. Chem. 274, 31506–31514.",
G327S,KHC,Motor,,,327,G,S,,Missense,2012,Drosophila,,,"Djagaeva, I., Rose, D.J., Lim, A., Venter, C.E., Brendza, K.M., Moua, P., and Saxton, W.M. (2012). Three Routes to Suppression of the Neurodegenerative Phenotypes Caused by Kinesin Heavy Chain Mutations. Genetics 192, 173–183.",
A330V,KHC,Neck,,,330,A,V,,Missense,2012,Drosophila,,,"Djagaeva, I., Rose, D.J., Lim, A., Venter, C.E., Brendza, K.M., Moua, P., and Saxton, W.M. (2012). Three Routes to Suppression of the Neurodegenerative Phenotypes Caused by Kinesin Heavy Chain Mutations. Genetics 192, 173–183.",
E357K,KHC,Stalk,,,357,E,K,,Missense,2012,Drosophila,,,"Djagaeva, I., Rose, D.J., Lim, A., Venter, C.E., Brendza, K.M., Moua, P., and Saxton, W.M. (2012). Three Routes to Suppression of the Neurodegenerative Phenotypes Caused by Kinesin Heavy Chain Mutations. Genetics 192, 173–183.",
E357K,KHC,Motor,,,357,E,K,,Missense,2000,Drosophila,,,"Brendza, K.M., Rose, D.J., Gilbert, S.P., and Saxton, W.M. (1999). Lethal kinesin mutations reveal amino acids important for ATPase activation and structural coupling. J. Biol. Chem. 274, 31506–31514.",
E385K,KHC,Stalk,,,385,E,K,,Missense,2012,Drosophila,,,"Djagaeva, I., Rose, D.J., Lim, A., Venter, C.E., Brendza, K.M., Moua, P., and Saxton, W.M. (2012). Three Routes to Suppression of the Neurodegenerative Phenotypes Caused by Kinesin Heavy Chain Mutations. Genetics 192, 173–183.",
N497I,KHC,Stalk,,,497,N,I,,Missense,2012,Drosophila,,,"Djagaeva, I., Rose, D.J., Lim, A., Venter, C.E., Brendza, K.M., Moua, P., and Saxton, W.M. (2012). Three Routes to Suppression of the Neurodegenerative Phenotypes Caused by Kinesin Heavy Chain Mutations. Genetics 192, 173–183.",
E512K,KHC,Stalk,,,512,E,K,,Missense,2012,Drosophila,,,"Djagaeva, I., Rose, D.J., Lim, A., Venter, C.E., Brendza, K.M., Moua, P., and Saxton, W.M. (2012). Three Routes to Suppression of the Neurodegenerative Phenotypes Caused by Kinesin Heavy Chain Mutations. Genetics 192, 173–183.",
R741Q,KHC,Stalk,,,741,R,Q,,Missense,2012,Drosophila,,,"Djagaeva, I., Rose, D.J., Lim, A., Venter, C.E., Brendza, K.M., Moua, P., and Saxton, W.M. (2012). Three Routes to Suppression of the Neurodegenerative Phenotypes Caused by Kinesin Heavy Chain Mutations. Genetics 192, 173–183.",
E920K,KHC,Tail,,,920,E,K,,Missense,2012,Drosophila,,,"Djagaeva, I., Rose, D.J., Lim, A., Venter, C.E., Brendza, K.M., Moua, P., and Saxton, W.M. (2012). Three Routes to Suppression of the Neurodegenerative Phenotypes Caused by Kinesin Heavy Chain Mutations. Genetics 192, 173–183.",
A940T,KHC,Tail,,,940,A,T,,Missense,2012,Drosophila,,,"Djagaeva, I., Rose, D.J., Lim, A., Venter, C.E., Brendza, K.M., Moua, P., and Saxton, W.M. (2012). Three Routes to Suppression of the Neurodegenerative Phenotypes Caused by Kinesin Heavy Chain Mutations. Genetics 192, 173–183.",
P945S,KHC,Tail,,,945,P,S,,Missense,2012,Drosophila,,,"Djagaeva, I., Rose, D.J., Lim, A., Venter, C.E., Brendza, K.M., Moua, P., and Saxton, W.M. (2012). Three Routes to Suppression of the Neurodegenerative Phenotypes Caused by Kinesin Heavy Chain Mutations. Genetics 192, 173–183.",
S948F,KHC,Tail,,,948,S,F,,Missense,2012,Drosophila,,,"Djagaeva, I., Rose, D.J., Lim, A., Venter, C.E., Brendza, K.M., Moua, P., and Saxton, W.M. (2012). Three Routes to Suppression of the Neurodegenerative Phenotypes Caused by Kinesin Heavy Chain Mutations. Genetics 192, 173–183.",
